INSERT INTO `student` (`id`, `first_name`, `last_name`) VALUES (1, 'Noemi', 'Harvey');
INSERT INTO `student` (`id`, `first_name`, `last_name`) VALUES (2, 'Evalyn', 'Cassin');
INSERT INTO `student` (`id`, `first_name`, `last_name`) VALUES (3, 'Idell', 'Bergstrom');
INSERT INTO `student` (`id`, `first_name`, `last_name`) VALUES (4, 'Colin', 'Hammes');
INSERT INTO `student` (`id`, `first_name`, `last_name`) VALUES (5, 'Keegan', 'Collins');
INSERT INTO `student` (`id`, `first_name`, `last_name`) VALUES (6, 'Destin', 'Veum');
INSERT INTO `student` (`id`, `first_name`, `last_name`) VALUES (7, 'Santino', 'Legros');
INSERT INTO `student` (`id`, `first_name`, `last_name`) VALUES (8, 'Jaydon', 'Schowalter');
INSERT INTO `student` (`id`, `first_name`, `last_name`) VALUES (9, 'Joe', 'Balistreri');
INSERT INTO `student` (`id`, `first_name`, `last_name`) VALUES (10, 'Brice', 'Connelly');
INSERT INTO `student` (`id`, `first_name`, `last_name`) VALUES (11, 'Trevor', 'Beier');
INSERT INTO `student` (`id`, `first_name`, `last_name`) VALUES (12, 'Hailee', 'Orn');
INSERT INTO `student` (`id`, `first_name`, `last_name`) VALUES (13, 'Karolann', 'Bayer');
INSERT INTO `student` (`id`, `first_name`, `last_name`) VALUES (14, 'Abbie', 'Johnston');
INSERT INTO `student` (`id`, `first_name`, `last_name`) VALUES (15, 'Betty', 'Medhurst');
INSERT INTO `student` (`id`, `first_name`, `last_name`) VALUES (16, 'Orrin', 'Haag');
INSERT INTO `student` (`id`, `first_name`, `last_name`) VALUES (17, 'Roberto', 'Cronin');
INSERT INTO `student` (`id`, `first_name`, `last_name`) VALUES (18, 'Winona', 'Lynch');
INSERT INTO `student` (`id`, `first_name`, `last_name`) VALUES (19, 'Alvera', 'McKenzie');
INSERT INTO `student` (`id`, `first_name`, `last_name`) VALUES (20, 'Ofelia', 'Gusikowski');
INSERT INTO `student` (`id`, `first_name`, `last_name`) VALUES (21, 'Cordia', 'Jones');
INSERT INTO `student` (`id`, `first_name`, `last_name`) VALUES (22, 'Everette', 'Schaefer');
INSERT INTO `student` (`id`, `first_name`, `last_name`) VALUES (23, 'Mack', 'Rosenbaum');
INSERT INTO `student` (`id`, `first_name`, `last_name`) VALUES (24, 'Chloe', 'Reichel');
INSERT INTO `student` (`id`, `first_name`, `last_name`) VALUES (25, 'Laverna', 'O\'Kon');
INSERT INTO `student` (`id`, `first_name`, `last_name`) VALUES (26, 'Allan', 'Mills');
INSERT INTO `student` (`id`, `first_name`, `last_name`) VALUES (27, 'Sandra', 'Heller');
INSERT INTO `student` (`id`, `first_name`, `last_name`) VALUES (28, 'Trudie', 'Greenfelder');
INSERT INTO `student` (`id`, `first_name`, `last_name`) VALUES (29, 'Kaelyn', 'Sauer');
INSERT INTO `student` (`id`, `first_name`, `last_name`) VALUES (30, 'Modesto', 'Gaylord');
INSERT INTO `student` (`id`, `first_name`, `last_name`) VALUES (31, 'Yasmin', 'Greenholt');
INSERT INTO `student` (`id`, `first_name`, `last_name`) VALUES (32, 'Don', 'Buckridge');
INSERT INTO `student` (`id`, `first_name`, `last_name`) VALUES (33, 'Lyda', 'Stanton');
INSERT INTO `student` (`id`, `first_name`, `last_name`) VALUES (34, 'Gay', 'Smith');
INSERT INTO `student` (`id`, `first_name`, `last_name`) VALUES (35, 'Eleonore', 'Schmidt');
INSERT INTO `student` (`id`, `first_name`, `last_name`) VALUES (36, 'Domenica', 'Monahan');
INSERT INTO `student` (`id`, `first_name`, `last_name`) VALUES (37, 'Syble', 'Hessel');
INSERT INTO `student` (`id`, `first_name`, `last_name`) VALUES (38, 'Clair', 'Farrell');
INSERT INTO `student` (`id`, `first_name`, `last_name`) VALUES (39, 'Jerome', 'Jenkins');
INSERT INTO `student` (`id`, `first_name`, `last_name`) VALUES (40, 'Savannah', 'Dare');
INSERT INTO `student` (`id`, `first_name`, `last_name`) VALUES (41, 'Americo', 'Cremin');
INSERT INTO `student` (`id`, `first_name`, `last_name`) VALUES (42, 'Hector', 'Howell');
INSERT INTO `student` (`id`, `first_name`, `last_name`) VALUES (43, 'Rossie', 'Schmitt');
INSERT INTO `student` (`id`, `first_name`, `last_name`) VALUES (44, 'Emerson', 'Toy');
INSERT INTO `student` (`id`, `first_name`, `last_name`) VALUES (45, 'Kade', 'Trantow');
INSERT INTO `student` (`id`, `first_name`, `last_name`) VALUES (46, 'Joana', 'Parisian');
INSERT INTO `student` (`id`, `first_name`, `last_name`) VALUES (47, 'William', 'Watsica');
INSERT INTO `student` (`id`, `first_name`, `last_name`) VALUES (48, 'Athena', 'Batz');
INSERT INTO `student` (`id`, `first_name`, `last_name`) VALUES (49, 'Akeem', 'Ryan');
INSERT INTO `student` (`id`, `first_name`, `last_name`) VALUES (50, 'Anna', 'Howe');

INSERT INTO university.teacher VALUES
('1','Daphne','Grimes'),
('2','Caleigh','Aufderhar'),
('3','Myrtle','Schmidt'),
('4','Leta','Senger'),
('5','Kris','D\'Amore'),
('6','Luciano','Goldner'),
('7','Ashly','Leuschke'),
('8','Leanne','Jenkins'),
('9','Kimberly','Kozey'),
('10','Seth','Pfannerstill'),
('11','Antonina','Medhurst'),
('12','Leola','Gutmann'),
('13','Vergie','Ankunding'),
('14','Hailie','Gutkowski'),
('15','Shania','Weber'),
('16','Clementine','Gislason'),
('17','Paxton','Lubowitz'),
('18','Laron','Littel'),
('19','Tommie','Hackett'),
('20','Ashleigh','Bauch'),
('21','Jamie','Hilll'),
('22','Elliot','Labadie'),
('23','Johnny','Rohan'),
('24','Nathen','Leffler'),
('25','Selmer','Altenwerth');

INSERT INTO university.discipline
(name)
VALUES('Maths'),
('Biology'),
('Informatics'),
('English'),
('Computer Science'),
('Database');

INSERT INTO university.student_teacher
(student_id, teacher_id)
VALUES
(1, 1),
(1, 3),
(1, 7),
(2, 5),
(14, 16),
(10, 22),
(43, 18),
(1, 20),
(2, 7),
(34, 1),
(22, 9),
(11, 21),
(34, 12);

INSERT INTO university.student_teacher_discipline
(student_id, teacher_id, discipline_id)
VALUES
(1, 1, 1),
(1, 3, 4),
(1, 7, 4),
(2, 5, 2),
(14, 16, 5),
(10, 22, 2),
(43, 18, 3),
(1, 21, 5),
(2, 7, 1),
(34, 1, 6),
(22, 9, 4),
(11, 21, 2),
(34, 12, 2);