insert into `student` (`id`, `first_name`, `last_name`) VALUES (1, 'Noemi', 'Harvey');
insert into `student` (`id`, `first_name`, `last_name`) VALUES (2, 'Evalyn', 'Cassin');
insert into `student` (`id`, `first_name`, `last_name`) VALUES (3, 'Idell', 'Bergstrom');
insert into `student` (`id`, `first_name`, `last_name`) VALUES (4, 'Colin', 'Hammes');
insert into `student` (`id`, `first_name`, `last_name`) VALUES (5, 'Keegan', 'Collins');
insert into `student` (`id`, `first_name`, `last_name`) VALUES (6, 'Destin', 'Veum');
insert into `student` (`id`, `first_name`, `last_name`) VALUES (7, 'Santino', 'Legros');
insert into `student` (`id`, `first_name`, `last_name`) VALUES (8, 'Jaydon', 'Schowalter');
insert into `student` (`id`, `first_name`, `last_name`) VALUES (9, 'Joe', 'Balistreri');
insert into `student` (`id`, `first_name`, `last_name`) VALUES (10, 'Brice', 'Connelly');
insert into `student` (`id`, `first_name`, `last_name`) VALUES (11, 'Trevor', 'Beier');
insert into `student` (`id`, `first_name`, `last_name`) VALUES (12, 'Hailee', 'Orn');
insert into `student` (`id`, `first_name`, `last_name`) VALUES (13, 'Karolann', 'Bayer');
insert into `student` (`id`, `first_name`, `last_name`) VALUES (14, 'Abbie', 'Johnston');
insert into `student` (`id`, `first_name`, `last_name`) VALUES (15, 'Betty', 'Medhurst');
insert into `student` (`id`, `first_name`, `last_name`) VALUES (16, 'Orrin', 'Haag');
insert into `student` (`id`, `first_name`, `last_name`) VALUES (17, 'Roberto', 'Cronin');
insert into `student` (`id`, `first_name`, `last_name`) VALUES (18, 'Winona', 'Lynch');
insert into `student` (`id`, `first_name`, `last_name`) VALUES (19, 'Alvera', 'McKenzie');
insert into `student` (`id`, `first_name`, `last_name`) VALUES (20, 'Ofelia', 'Gusikowski');
insert into `student` (`id`, `first_name`, `last_name`) VALUES (21, 'Cordia', 'Jones');
insert into `student` (`id`, `first_name`, `last_name`) VALUES (22, 'Everette', 'Schaefer');
insert into `student` (`id`, `first_name`, `last_name`) VALUES (23, 'Mack', 'Rosenbaum');
insert into `student` (`id`, `first_name`, `last_name`) VALUES (24, 'Chloe', 'Reichel');
insert into `student` (`id`, `first_name`, `last_name`) VALUES (25, 'Laverna', 'Kon');
insert into `student` (`id`, `first_name`, `last_name`) VALUES (26, 'Allan', 'Mills');
insert into `student` (`id`, `first_name`, `last_name`) VALUES (27, 'Sandra', 'Heller');
insert into `student` (`id`, `first_name`, `last_name`) VALUES (28, 'Trudie', 'Greenfelder');
insert into `student` (`id`, `first_name`, `last_name`) VALUES (29, 'Kaelyn', 'Sauer');
insert into `student` (`id`, `first_name`, `last_name`) VALUES (30, 'Modesto', 'Gaylord');
insert into `student` (`id`, `first_name`, `last_name`) VALUES (31, 'Yasmin', 'Greenholt');
insert into `student` (`id`, `first_name`, `last_name`) VALUES (32, 'Don', 'Buckridge');
insert into `student` (`id`, `first_name`, `last_name`) VALUES (33, 'Lyda', 'Stanton');
insert into `student` (`id`, `first_name`, `last_name`) VALUES (34, 'Gay', 'Smith');
insert into `student` (`id`, `first_name`, `last_name`) VALUES (35, 'Eleonore', 'Schmidt');
insert into `student` (`id`, `first_name`, `last_name`) VALUES (36, 'Domenica', 'Monahan');
insert into `student` (`id`, `first_name`, `last_name`) VALUES (37, 'Syble', 'Hessel');
insert into `student` (`id`, `first_name`, `last_name`) VALUES (38, 'Clair', 'Farrell');
insert into `student` (`id`, `first_name`, `last_name`) VALUES (39, 'Jerome', 'Jenkins');
insert into `student` (`id`, `first_name`, `last_name`) VALUES (40, 'Savannah', 'Dare');
insert into `student` (`id`, `first_name`, `last_name`) VALUES (41, 'Americo', 'Cremin');
insert into `student` (`id`, `first_name`, `last_name`) VALUES (42, 'Hector', 'Howell');
insert into `student` (`id`, `first_name`, `last_name`) VALUES (43, 'Rossie', 'Schmitt');
insert into `student` (`id`, `first_name`, `last_name`) VALUES (44, 'Emerson', 'Toy');
insert into `student` (`id`, `first_name`, `last_name`) VALUES (45, 'Kade', 'Trantow');
insert into `student` (`id`, `first_name`, `last_name`) VALUES (46, 'Joana', 'Parisian');
insert into `student` (`id`, `first_name`, `last_name`) VALUES (47, 'William', 'Watsica');
insert into `student` (`id`, `first_name`, `last_name`) VALUES (48, 'Athena', 'Batz');
insert into `student` (`id`, `first_name`, `last_name`) VALUES (49, 'Akeem', 'Ryan');
insert into `student` (`id`, `first_name`, `last_name`) VALUES (50, 'Anna', 'Howe');

insert into teacher (id, first_name, last_name) values
(1,'Daphne','Grimes'),
(2,'Caleigh','Aufderhar'),
(3,'Myrtle','Schmidt'),
(4,'Leta','Senger'),
(5,'Kris','Amore'),
(6,'Luciano','Goldner'),
(7,'Ashly','Leuschke'),
(8,'Leanne','Jenkins'),
(9,'Kimberly','Kozey'),
(10,'Seth','Pfannerstill'),
(11,'Antonina','Medhurst'),
(12,'Leola','Gutmann'),
(13,'Vergie','Ankunding'),
(14,'Hailie','Gutkowski'),
(15,'Shania','Weber'),
(16,'Clementine','Gislason'),
(17,'Paxton','Lubowitz'),
(18,'Laron','Littel'),
(19,'Tommie','Hackett'),
(20,'Ashleigh','Bauch'),
(21,'Jamie','Hilll'),
(22,'Elliot','Labadie'),
(23,'Johnny','Rohan'),
(24,'Nathen','Leffler'),
(25,'Selmer','Altenwerth');

insert into discipline(name)
values('Maths'),
('Biology'),
('Informatics'),
('English'),
('Computer Science'),
('Database');

insert into student_teacher(student_id, teacher_id)
values
(1, 1),
(1, 3),
(1, 7),
(2, 5),
(14, 16),
(10, 22),
(43, 18),
(1, 20),
(2, 7),
(34, 1),
(22, 9),
(11, 21),
(34, 12);

insert into student_teacher_discipline(student_id, teacher_id, discipline_id)
values
(1, 1, 1),
(1, 3, 4),
(1, 7, 4),
(2, 5, 2),
(14, 16, 5),
(10, 22, 2),
(43, 18, 3),
(1, 21, 5),
(2, 7, 1),
(34, 1, 6),
(22, 9, 4),
(11, 21, 2),
(34, 12, 2);